{
  "circuit_raw_points": [
    [
      -27.263624226241056,
      33.7237528826314
    ],
    [
      17.493020997693876,
      31.447991261075387
    ],
    [
      28.113241898288607,
      -5.419347008132043
    ],
    [
      -9.512683578104145,
      -20.135938827527603
    ],
    [
      -11.181575433911888,
      10.359266901322982
    ]
  ],
  "circuit_width": 10.0,
  "is_circuit_closed": true,
  "passage_points": [
    [
      -29.15198745023673,
      36.45329619703837
    ],
    [
      23.251772941404425,
      28.763613965656248
    ],
    [
      30.08704603596631,
      -2.4223195282823724
    ],
    [
      5.024378022572719,
      -24.921760131215258
    ],
    [
      -14.627032124292711,
      -10.681607850877988
    ],
    [
      -11.209395577011769,
      18.083499755403295
    ]
  ]
}