{
  "circuit_raw_points": [
    [
      -10.240927297002045,
      37.51668891855809
    ],
    [
      16.46134239592186,
      24.317271513533214
    ],
    [
      27.233280737953663,
      -16.646437674475045
    ],
    [
      -4.930816846704673,
      -29.238985313751662
    ],
    [
      -26.929845855079478,
      6.262895982522167
    ]
  ],
  "circuit_width": 10.0,
  "is_circuit_closed": true,
  "passage_points": [
    [
      -2.9888335963102435,
      41.006190071610646
    ],
    [
      16.582716349071475,
      18.09685641461344
    ],
    [
      29.47869887122222,
      12.179876198567797
    ],
    [
      25.534045393858463,
      -3.4470202694501637
    ],
    [
      31.147590727029964,
      -16.039567908726774
    ],
    [
      6.114212889913816,
      -25.44604927782497
    ],
    [
      -8.147226605170545,
      -32.72848646680421
    ],
    [
      -19.222599830076476,
      -12.550066755674223
    ],
    [
      -31.056560262167743,
      1.4079378565359946
    ],
    [
      -21.34664401019542,
      19.46231338754704
    ],
    [
      -22.712100983129027,
      32.35829590969779
    ],
    [
      -12.243597523971367,
      32.96516567544606
    ]
  ]
}