{
  "name": "Circuit Principal",
  "is_closed": true,
  "n_fine_points": 100,
  "raw_points": [
    [
      -26.489921121822952,
      23.01136363636364
    ],
    [
      11.371603856266447,
      29.914772727272734
    ],
    [
      39.63628396143734,
      -14.95738636363636
    ],
    [
      17.024539877300626,
      -36.05113636363636
    ],
    [
      -7.822085889570545,
      -12.40056818181818
    ]
  ],
  "fine_points": [
    [
      -26.489921121822952,
      23.011363636363637
    ],
    [
      -25.796131232712316,
      24.1963443464919
    ],
    [
      -24.87947378363267,
      25.305283768971893
    ],
    [
      -23.755157640924583,
      26.335854119149882
    ],
    [
      -22.438391670928613,
      27.28572761237217
    ],
    [
      -20.944384739985356,
      28.15257646398506
    ],
    [
      -19.28834571443534,
      28.93407288933481
    ],
    [
      -17.485483460619168,
      29.627889103767743
    ],
    [
      -15.5510068448774,
      30.23169732263014
    ],
    [
      -13.500124733550605,
      30.743169761268284
    ],
    [
      -11.348045992979348,
      31.159978635028477
    ],
    [
      -9.109979489504198,
      31.479796159257003
    ],
    [
      -6.801134089465733,
      31.700294549300168
    ],
    [
      -4.436718659204511,
      31.819146020504235
    ],
    [
      -2.031942065061101,
      31.83402278821552
    ],
    [
      0.3979868266239053,
      31.742597067780302
    ],
    [
      2.837859149509972,
      31.542541074544882
    ],
    [
      5.272466037256506,
      31.231527023855534
    ],
    [
      7.68659862352295,
      30.807227131058564
    ],
    [
      10.065048041968733,
      30.26731361150026
    ],
    [
      12.392767491947476,
      29.60956412579701
    ],
    [
      14.659695500302295,
      28.83499995257039
    ],
    [
      16.86157458373338,
      27.94841863710484
    ],
    [
      18.994474244596777,
      26.95483047230531
    ],
    [
      21.0544639852485,
      25.859245751076724
    ],
    [
      23.037613308044605,
      24.666674766324018
    ],
    [
      24.939991715341122,
      23.382127810952138
    ],
    [
      26.757668709494094,
      22.010615177866015
    ],
    [
      28.48671379285955,
      20.557147159970594
    ],
    [
      30.123196467793523,
      19.026734050170816
    ],
    [
      31.663186236652066,
      17.42438614137161
    ],
    [
      33.10275260179121,
      15.755113726477912
    ],
    [
      34.43796506556698,
      14.023927098394658
    ],
    [
      35.664893130335415,
      12.235836550026795
    ],
    [
      36.77960629845257,
      10.39585237427926
    ],
    [
      37.77817407227447,
      8.508984864056982
    ],
    [
      38.65666595415715,
      6.580244312264922
    ],
    [
      39.41115144645664,
      4.614641011807983
    ],
    [
      40.037700051529,
      2.6171852555911226
    ],
    [
      40.53238127173025,
      0.5928873365192766
    ],
    [
      40.89126460941642,
      -1.4532424525026233
    ],
    [
      41.110419566943555,
      -3.5161938185696267
    ],
    [
      41.1859156466677,
      -5.590956468776793
    ],
    [
      41.113822350944886,
      -7.672520110219213
    ],
    [
      40.890209182131144,
      -9.755874449991925
    ],
    [
      40.51114564258252,
      -11.836009195189998
    ],
    [
      39.97270123465505,
      -13.907914052908497
    ],
    [
      39.2712932776282,
      -15.966393436853158
    ],
    [
      38.411680454190204,
      -18.001808045103985
    ],
    [
      37.40715710602998,
      -19.999971352533176
    ],
    [
      36.27140425733696,
      -21.946490835666403
    ],
    [
      35.018102932300614,
      -23.826973971029357
    ],
    [
      33.66093415511037,
      -25.6270282351477
    ],
    [
      32.213578949955675,
      -27.33226110454713
    ],
    [
      30.68971834102595,
      -28.9282800557533
    ],
    [
      29.103033352510675,
      -30.40069256529192
    ],
    [
      27.46720500859927,
      -31.735106109688658
    ],
    [
      25.79591433348118,
      -32.917128165469194
    ],
    [
      24.102842351345856,
      -33.93236620915919
    ],
    [
      22.40167008638273,
      -34.76642771728437
    ],
    [
      20.70607856278123,
      -35.404920166370374
    ],
    [
      19.02974880473083,
      -35.8334510329429
    ],
    [
      17.386361836420956,
      -36.03762779352764
    ],
    [
      15.788152363474273,
      -36.005286431618075
    ],
    [
      14.2358111549067,
      -35.742049982437024
    ],
    [
      12.724500477470073,
      -35.26205987134638
    ],
    [
      11.249347955599028,
      -34.579510901053084
    ],
    [
      9.805481213728212,
      -33.708597874264086
    ],
    [
      8.388027876292279,
      -32.66351559368636
    ],
    [
      6.992115567725863,
      -31.458458862026827
    ],
    [
      5.612871912463622,
      -30.10762248199246
    ],
    [
      4.245424534940211,
      -28.62520125629021
    ],
    [
      2.8849010595902467,
      -27.025389987627
    ],
    [
      1.5264291108483918,
      -25.322383478709813
    ],
    [
      0.16513631314929267,
      -23.53037653224557
    ],
    [
      -1.203849709072403,
      -21.663563950941246
    ],
    [
      -2.5854013313820507,
      -19.736140537503772
    ],
    [
      -3.9843909293450035,
      -17.762301094640108
    ],
    [
      -5.405690878526617,
      -15.75624042505721
    ],
    [
      -6.85417355449224,
      -13.732153331462023
    ],
    [
      -8.334587556946397,
      -11.704161323141854
    ],
    [
      -9.844775476383791,
      -9.682296541491592
    ],
    [
      -11.372164632395828,
      -7.67042376363999
    ],
    [
      -12.903319358514914,
      -5.671896752702618
    ],
    [
      -14.424803988273453,
      -3.6900692717950703
    ],
    [
      -15.923182855203873,
      -1.7282950840328795
    ],
    [
      -17.385020292838576,
      0.2100720474683564
    ],
    [
      -18.796880634709968,
      2.1216783595930657
    ],
    [
      -20.145328214350453,
      4.003170089225669
    ],
    [
      -21.41692736529245,
      5.851193473250595
    ],
    [
      -22.598242421068363,
      7.662394748552268
    ],
    [
      -23.675837715210605,
      9.433420152015117
    ],
    [
      -24.636277581251584,
      11.16091592052356
    ],
    [
      -25.4661263527237,
      12.841528290962025
    ],
    [
      -26.151948363159374,
      14.47190350021494
    ],
    [
      -26.68030794609101,
      16.048687785166727
    ],
    [
      -27.03776943505101,
      17.568527382701795
    ],
    [
      -27.210897163571794,
      19.028068529704605
    ],
    [
      -27.186255465185774,
      20.423957463059565
    ],
    [
      -26.950408673425358,
      21.7528404196511
    ]
  ],
  "length": 209.22012148241478,
  "width": 10.0,