{
  "circuit_raw_points": [
    [
      -10.240927297002045,
      37.51668891855809
    ],
    [
      16.46134239592186,
      24.317271513533214
    ],
    [
      27.233280737953663,
      -16.646437674475045
    ],
    [
      -4.930816846704673,
      -29.238985313751662
    ],
    [
      -26.929845855079478,
      6.262895982522167
    ]
  ],
  "circuit_width": 10.0,
  "is_circuit_closed": true,
  "passage_points": []
}