{
  "name": "Circuit Principal",
  "is_closed": true,
  "n_fine_points": 100,
  "raw_points": [
    [
      -30.433829973707276,
      38.09659090909092
    ],
    [
      38.0587204206836,
      27.997159090909108
    ],
    [
      44.10604732690622,
      -11.377840909090892
    ],
    [
      23.334794040315515,
      -20.582386363636353
    ],
    [
      5.587204206836105,
      2.301136363636374
    ],
    [
      -27.147239263803684,
      4.090909090909108
    ]
  ],
  "fine_points": [
    [
      -30.433829973707276,
      38.096590909090935
    ],
    [
      -29.18155962473468,
      40.13127241408057
    ],
    [
      -27.769422333803984,
      41.96148611758467
    ],
    [
      -26.20711652370954,
      43.591825216677066
    ],
    [
      -24.504340617245663,
      45.026882908431496
    ],
    [
      -22.6707930372067,
      46.27125238992174
    ],
    [
      -20.716172206386958,
      47.32952685822155
    ],
    [
      -18.650176547580784,
      48.20629951040469
    ],
    [
      -16.482504483582503,
      48.90616354354496
    ],
    [
      -14.222854437186465,
      49.43371215471612
    ],
    [
      -11.880924831186979,
      49.793538540991925
    ],
    [
      -9.466414088378391,
      49.990235899446155
    ],
    [
      -6.98902063155502,
      50.0283974271526
    ],
    [
      -4.458442883511203,
      49.91261632118497
    ],
    [
      -1.88437926704128,
      49.647485778617096
    ],
    [
      0.7234717950604304,
      49.23759899652271
    ],
    [
      3.3554118799995845,
      48.68754917197561
    ],
    [
      6.001742564981871,
      48.00192950204955
    ],
    [
      8.652765427212923,
      47.1853331838183
    ],
    [
      11.298782043898445,
      46.24235341435564
    ],
    [
      13.930093992244093,
      45.17758339073532
    ],
    [
      16.537002849455522,
      43.995616310031124
    ],
    [
      19.109810192738433,
      42.70104536931684
    ],
    [
      21.638817599298463,
      41.29846376566619
    ],
    [
      24.114326646341283,
      39.792464696152976
    ],
    [
      26.52663891107258,
      38.18764135785096
    ],
    [
      28.86605597069801,
      36.48858694783391
    ],
    [
      31.12287940242325,
      34.699894663175606
    ],
    [
      33.28741078345395,
      32.8261577009498
    ],
    [
      35.349951690995795,
      30.871969258230294
    ],
    [
      37.300803702254456,
      28.84192253209082
    ],
    [
      39.13033347533047,
      26.740759451752997
    ],
    [
      40.82990492541521,
      24.575501020648204
    ],
    [
      42.391661833375224,
      22.354950502533466
    ],
    [
      43.807768756983556,
      20.08795864351724
    ],
    [
      45.07039025401322,
      17.783376189707987
    ],
    [
      46.17169088223722,
      15.45005388721417
    ],
    [
      47.103835199428616,
      13.096842482144229
    ],
    [
      47.85898776336041,
      10.732592720606632
    ],
    [
      48.429313131805586,
      8.366155348709835
    ],
    [
      48.806975862537236,
      6.0063811125622975
    ],
    [
      48.984140513328335,
      3.6621207582724757
    ],
    [
      48.9529716419519,
      1.34222503194884
    ],
    [
      48.70563380618096,
      -0.9444553203001749
    ],
    [
      48.23429156378855,
      -3.189069552366102
    ],
    [
      47.53110947254769,
      -5.382766918140486
    ],
    [
      46.58825209023138,
      -7.51669667151486
    ],
    [
      45.39788397461264,
      -9.582008066380775
    ],
    [
      43.952178381196696,
      -11.569845958220627
    ],
    [
      42.25535583154831,
      -13.465262947192315
    ],
    [
      40.34759681947109,
      -15.235126816146806
    ],
    [
      38.27576186913326,
      -16.842927282708054
    ],
    [
      36.08671150470301,
      -18.252154064499997
    ],
    [
      33.827306250348556,
      -19.42629687914659
    ],
    [
      31.544406630238118,
      -20.32884544427178
    ],
    [
      29.284873168539907,
      -20.923289477499505
    ],
    [
      27.09556638942213,
      -21.17311869645373
    ],
    [
      25.023346817052985,
      -21.041822818758384
    ],
    [
      23.11505195604211,
      -20.492921428296185
    ],
    [
      21.399106365646734,
      -19.513823610902847
    ],
    [
      19.852397319600435,
      -18.158804456717725
    ],
    [
      18.442863819601232,
      -16.493748809679992
    ],
    [
      17.138444867347097,
      -14.58454151372881
    ],
    [
      15.907079464536041,
      -12.497067412803371
    ],
    [
      14.71670661286605,
      -10.297211350842833
    ],
    [
      13.535265314035126,
      -8.050858171786377
    ],
    [
      12.330694569741262,
      -5.823892719573174
    ],
    [
      11.07093338168245,
      -3.682199838142397
    ],
    [
      9.723920751556683,
      -1.6916643714332191
    ],
    [
      8.257595681061968,
      0.08182883661518936
    ],
    [
      6.63989717189629,
      1.572394942063653
    ],
    [
      4.839426908435689,
      2.7154318491206233
    ],
    [
      2.85022324626187,
      3.495574968803201
    ],
    [
      0.6991808114815771,
      3.961059262187307
    ],
    [
      -1.5846286265653502,
      4.164333964453267
    ],
    [
      -3.972133298539061,
      4.157848310781409
    ],
    [
      -6.434261435099721,
      3.9940515363520563
    ],
    [
      -8.941941266907477,
      3.725392876345539
    ],
    [
      -11.466101024622496,
      3.4043215659421757
    ],
    [
      -13.977668938904925,
      3.0832868403222964
    ],
    [
      -16.44757324041493,
      2.8147379346662253
    ],
    [
      -18.846742159812653,
      2.6511240841542842
    ],
    [
      -21.146103927758265,
      2.644894523966808
    ],
    [
      -23.31658677491192,
      2.8484984892841116
    ],
    [
      -25.329118931933735,
      3.3143852152865203
    ],
    [
      -27.154628629906952,
      4.095003935959658
    ],
    [
      -28.769474124382604,
      5.227468336209719
    ],
    [
      -30.171456077908186,
      6.688334162977804
    ],
    [
      -31.363667217354937,
      8.439211243044106
    ],
    [
      -32.34920026959414,
      10.441709403188819
    ],
    [
      -33.131147961497035,
      12.657438470192131
    ],
    [
      -33.71260301993491,
      15.048008270834245
    ],
    [
      -34.096658171779005,
      17.575028631895343
    ],
    [
      -34.28640614390059,
      20.200109380155634
    ],
    [
      -34.284939663170924,
      22.884860342395296
    ],
    [
      -34.095351456461266,
      25.590891345394525
    ],
    [
      -33.720734250642884,
      28.279812215933486
    ],
    [
      -33.164180772587024,
      30.913232780792423
    ],
    [
      -32.428783749164964,
      33.45276286675152
    ],
    [
      -31.51763590724797,
      35.86001230059096
    ]
  ],
  "length": 246.1493131809789,
  "width": 10.0,