{
  "name": "Circuit Principal",
  "is_closed": true,
  "n_fine_points": 100,
  "raw_points": [
    [
      -3.287337662337677,
      38.134592680047234
    ],
    [
      17.22623966942146,
      15.850059031877223
    ],
    [
      28.294716646989357,
      -18.68358913813458
    ],
    [
      -3.582497048406154,
      -27.09563164108617
    ],
    [
      -33.983913813459274,
      0.20661157024794363
    ],
    [
      -39.149203069657624,
      27.656434474616304
    ]
  ],
  "fine_points": [
    [
      -3.2873376623376798,
      38.134592680047234
    ],
    [
      -1.374849643372424,
      37.383686784978906
    ],
    [
      0.4161869701610917,
      36.48324292570207
    ],
    [
      2.096982977244572,
      35.4416102020202
    ],
    [
      3.678749176859707,
      34.26713771373684
    ],
    [
      5.172696367988191,
      32.96817456065545
    ],
    [
      6.590035349611722,
      31.553069842579582
    ],
    [
      7.9419769207119995,
      30.030172659312726
    ],
    [
      9.239731880270712,
      28.407832110658365
    ],
    [
      10.494511027269557,
      26.694397296420046
    ],
    [
      11.717525160690231,
      24.89821731640124
    ],
    [
      12.919985079514433,
      23.027641270405482
    ],
    [
      14.113101582723848,
      21.09101825823626
    ],
    [
      15.308085469300185,
      19.09669737969708
    ],
    [
      16.516147538225127,
      17.05302773459146
    ],
    [
      17.74814687574404,
      14.968358705710388
    ],
    [
      19.00281161298959,
      12.851049436390994
    ],
    [
      20.263949481667797,
      10.709471074898826
    ],
    [
      21.514451109771986,
      8.551995507399544
    ],
    [
      22.737207125295452,
      6.386994620058774
    ],
    [
      23.915108156231533,
      4.222840299042178
    ],
    [
      25.03104483057352,
      2.0679044305154104
    ],
    [
      26.06790777631474,
      -0.06944109935589282
    ],
    [
      27.00858762144849,
      -2.1808244044060827
    ],
    [
      27.835974993968097,
      -4.257873598469495
    ],
    [
      28.532960521866865,
      -6.2922167953805035
    ],
    [
      29.082434833138112,
      -8.275482108973446
    ],
    [
      29.467288555775138,
      -10.199297653082676
    ],
    [
      29.670412317771266,
      -12.055291541542543
    ],
    [
      29.674696747119814,
      -13.835091888187394
    ],
    [
      29.463032471814074,
      -15.530326806851592
    ],
    [
      29.018310119847374,
      -17.13262441136949
    ],
    [
      28.32342031921303,
      -18.633612815575432
    ],
    [
      27.36721979621036,
      -20.026028854500456
    ],
    [
      26.165039462078965,
      -21.307529243556804
    ],
    [
      24.73955102977829,
      -22.477134889970205
    ],
    [
      23.113426486195298,
      -23.533866751872214
    ],
    [
      21.309337818216918,
      -24.476745787394407
    ],
    [
      19.349957012730144,
      -25.304792954668343
    ],
    [
      17.25795605662192,
      -26.017029211825577
    ],
    [
      15.056006936779202,
      -26.612475516997673
    ],
    [
      12.766781640088956,
      -27.090152828316196
    ],
    [
      10.412952153438162,
      -27.44908210391272
    ],
    [
      8.017190463713748,
      -27.688284301918777
    ],
    [
      5.602168557802685,
      -27.80678038046596
    ],
    [
      3.1905584225919323,
      -27.80359129768582
    ],
    [
      0.80503204496845,
      -27.677738011709913
    ],
    [
      -1.5317385881807954,
      -27.428241480669808
    ],
    [
      -3.7970853781264844,
      -27.054123435311098
    ],
    [
      -5.974049146145482,
      -26.555540023263422
    ],
    [
      -8.0628150723378,
      -25.93605413985902
    ],
    [
      -10.06677331004287,
      -25.199865539197067
    ],
    [
      -11.989314012600058,
      -24.35117397537675
    ],
    [
      -13.833827333348802,
      -23.394179202497245
    ],
    [
      -15.603703425628531,
      -22.33308097465772
    ],
    [
      -17.30233244277862,
      -21.17207904595738
    ],
    [
      -18.93310453813851,
      -19.915373170495368
    ],
    [
      -20.499409865047586,
      -18.567163102370912
    ],
    [
      -22.004638576845263,
      -17.13164859568316
    ],
    [
      -23.452180826870975,
      -15.613029404531277
    ],
    [
      -24.845426768464105,
      -14.01550528301448
    ],
    [
      -26.187766554964078,
      -12.343275985231912
    ],
    [
      -27.482590339710296,
      -10.60054126528279
    ],
    [
      -28.733288276042178,
      -8.791500877266248
    ],
    [
      -29.943250517299116,
      -6.920354575281516
    ],
    [
      -31.115867216820536,
      -4.991302113427751
    ],
    [
      -32.254528527945865,
      -3.0085432458041046
    ],
    [
      -33.36262460401447,
      -0.9762777265098075
    ],
    [
      -34.44327334155509,
      1.101207428585892
    ],
    [
      -35.490574682320556,
      3.2167348344268416
    ],
    [
      -36.487747049466826,
      5.359639440866615
    ],
    [
      -37.41735976890267,
      7.519048153836421
    ],
    [
      -38.26198216653688,
      9.68408787926754
    ],
    [
      -39.00418356827824,
      11.84388552309125
    ],
    [
      -39.626533300035504,
      13.987567991238754
    ],
    [
      -40.111600687717484,
      16.104262189641364
    ],
    [
      -40.441955057232924,
      18.18309502423028
    ],
    [
      -40.60016573449064,
      20.213193400936778
    ],
    [
      -40.568802045399394,
      22.18368422569215
    ],
    [
      -40.330433315867964,
      24.083694404427593
    ],
    [
      -39.86762887180512,
      25.9023508430744
    ],
    [
      -39.162958039119665,
      27.6287804475638
    ],
    [
      -38.205212038973684,
      29.253352618594363
    ],
    [
      -37.009332937877204,
      30.771659006224585
    ],
    [
      -35.5971321967212,
      32.180663059012566
    ],
    [
      -33.99042130578519,
      33.47732823138521
    ],
    [
      -32.21101175534879,
      34.65861797776937
    ],
    [
      -30.280715035691507,
      35.72149575259197
    ],
    [
      -28.22134263709295,
      36.662925010279864
    ],
    [
      -26.054706049832646,
      37.47986920525996
    ],
    [
      -23.802616764190187,
      38.16929179195914
    ],
    [
      -21.486886270445122,
      38.72815622480428
    ],
    [
      -19.129326058876973,
      39.153425958222314
    ],
    [
      -16.751747619765364,
      39.44206444664008
    ],
    [
      -14.375962443389799,
      39.59103514448449
    ],
    [
      -12.02378202002988,
      39.59730150618243
    ],
    [
      -9.717017839965152,
      39.45782698616079
    ],
    [
      -7.477481393475149,
      39.169575038846446
    ],
    [
      -5.32698417083948,
      38.72950911866631
    ],
    [
      -3.287337662337683,
      38.134592680047234
    ]
  ],
  "length": 212.36751585239196,
  "width": 10.0,