{
  "circuit_raw_points": [
    [
      -10.240927297002045,
      37.51668891855809
    ],
    [
      16.46134239592186,
      24.317271513533214
    ],
    [
      27.233280737953663,
      -16.646437674475045
    ],
    [
      -4.930816846704673,
      -29.238985313751662
    ],
    [
      -26.929845855079478,
      6.262895982522167
    ]
  ],
  "circuit_width": 10.0,
  "is_circuit_closed": true,
  "passage_points": [
    [
      -5.143221264716587,
      38.8821458914917
    ],
    [
      19.89015657239956,
      15.517659910183284
    ],
    [
      33.24129141886151,
      -11.639762107051816
    ],
    [
      -9.391309624954488,
      -26.811506250758576
    ],
    [
      -30.02488166039568,
      1.7113727394101375
    ],
    [
      -19.55637820123802,
      21.434640126228928
    ]
  ]
}